Attribute	Value
classFlags	
classAvailabilityFlags	Retail
baseStr	15
baseMag	35
baseDex	15
baseVit	20
maxStr	45
maxMag	250
maxDex	85
maxVit	80
blockBonus	10
adjLife	9
adjMana	-2
lvlLife	1
lvlMana	2
chrLife	1
chrMana	2
itmLife	1
itmMana	2
manaCost	0.5
itmRestoreLife	1
itmRestoreMana	2
splRestoreLife	1
splRestoreMana	2
healOtherRestoreLife	1
attackFlags	
defenseFlags	
meleeArmorPiercingBonus	0
bowDamageMod	0.5
arrowVelocityBonus	0
normalLightArmorAC	0
magicLightArmorAC	0
uniqueLightArmorAC	0
normalMediumArmorAC	0
magicMediumArmorAC	0
uniqueMediumArmorAC	0
normalHeavyArmorAC	0
magicHeavyArmorAC	0
uniqueHeavyArmorAC	0
baseMagicToHit	70
baseMeleeToHit	50
baseRangedToHit	50
